col1,Unnamed: 0,NUMBER,ID_PARENT,FLUX_ISO,FLUXERR_ISO,MAG_ISO,MAGERR_ISO,BACKGROUND,ISOAREA_IMAGE,ISOAREAF_IMAGE,XPEAK_IMAGE,YPEAK_IMAGE,X_IMAGE,Y_IMAGE,X_IMAGE_DBL,Y_IMAGE_DBL,X_WORLD,Y_WORLD,A_IMAGE,B_IMAGE,THETA_IMAGE,ERRA_IMAGE,ERRB_IMAGE,ERRTHETA_IMAGE,XWIN_IMAGE,YWIN_IMAGE,XWIN_WORLD,YWIN_WORLD,X2WIN_IMAGE,Y2WIN_IMAGE,X2WIN_WORLD,Y2WIN_WORLD,AWIN_IMAGE,BWIN_IMAGE,THETAWIN_IMAGE,AWIN_WORLD,BWIN_WORLD,THETAWIN_WORLD,MU_THRESHOLD,FLAGS,FWHM_IMAGE,ELONGATION,ELLIPTICITY,CLASS_STAR,SUBDIV_NUMBER
24,24,0_25,0_540,91095.1,171.8863,13.9538,0.002,144.0749,306.0,333.0,157.0,488.0,155.3309,487.1324,155.3309,487.1324,317.2545079865504,62.918412355506575,3.84,2.292,-14.45,0.01168,0.00559,-11.58,155.3309,487.1324,317.2545079865504,62.918412355506575,2.7325250451,1.5921336473,2.7325250451,1.5921336473,1.656,1.258,5.22,1.655935,1.257989,5.22,23.3223,19.0,17.8,1.675,0.403,0.193,0.0
27,27,0_28,0_540,56202.49,97.60245,14.4782,0.0019,144.2018,16.0,16.0,154.0,493.0,153.5436,493.4172,153.5436,493.4172,317.2553615560212,62.91661615573535,0.934,0.892,29.77,0.00169,0.00158,27.66,153.5436,493.4172,317.2553615560212,62.91661615573535,0.17952460372,0.1369346642,0.17952460372,0.1369346642,0.425,0.369,-7.86,0.4246795,0.3689263,-7.86,23.301,3.0,0.17,1.047,0.045,0.984,0.0
43,43,0_44,0_501,2953.014,45.05948,17.6769,0.0166,141.7013,31.0,41.0,47.0,467.0,47.2675,468.1011,47.2675,468.1011,317.3218860337543,62.92180235174337,1.849,1.072,85.49,0.03208,0.02086,85.16,47.2675,468.1011,317.3218860337543,62.92180235174337,0.70459736663,1.9964444114,0.70459736663,1.9964444114,1.415,0.836,86.04,1.415153,0.8356944,86.04,23.3635,0.0,8.42,1.725,0.42,0.03,0.0
45,45,0_46,0_499,631.8631,29.92421,19.351,0.0514,147.6057,12.0,18.0,173.0,469.0,172.7239,469.0822,172.7239,469.0822,317.24449649382893,62.92379043240659,1.062,0.988,54.64,0.05205,0.04603,64.06,172.7239,469.0822,317.24449649382893,62.92379043240659,0.57928344816,0.48997926373,0.57928344816,0.48997926373,0.762,0.699,5.58,0.7616713,0.6993709,5.58,23.6247,0.0,1.98,1.075,0.07,0.352,0.0
74,74,0_75,0_469,299.9858,22.90189,20.1598,0.0829,145.3896,9.0,11.0,152.0,444.0,152.0805,444.3578,152.0805,444.3578,317.2582026413423,62.93036106292199,0.991,0.737,76.86,0.08475,0.06008,75.06,152.0805,444.3578,317.2582026413423,62.93036106292199,0.54240516979,0.73130578851,0.54240516979,0.73130578851,0.855,0.736,87.76,0.8553334,0.7362851,87.76,23.4954,0.0,2.75,1.346,0.257,0.097,0.0
264,264,0_265,0_277,891.4394,29.06256,18.9773,0.0354,145.1698,14.0,19.0,126.0,271.0,126.0223,271.4097,126.0223,271.4097,317.28114910813525,62.978438093619125,1.116,0.923,10.55,0.04332,0.03378,12.57,126.0223,271.4097,317.28114910813525,62.978438093619125,0.42505109392,0.3633515664,0.42505109392,0.3633515664,0.653,0.602,8.14,0.6529472,0.6017163,8.14,23.658,0.0,1.9,1.208,0.172,0.797,0.0
673,673,1_132,1_451,3158.329,45.14364,17.6039,0.0155,141.4667,33.0,41.0,643.0,392.0,641.7771,392.5408,641.7771,392.5408,316.9579848541087,62.95337543480944,2.057,1.066,-16.43,0.03261,0.01976,-16.24,641.7771,392.5408,316.9579848541087,62.95337543480944,2.1397825821,0.83395902962,2.1397825821,0.83395902962,1.512,0.829,-17.67,1.512373,0.8285341,-17.67,23.4309,0.0,7.01,1.93,0.482,0.051,1.0
775,775,1_234,1_350,394.2275,23.22329,19.8632,0.064,141.3858,10.0,13.0,609.0,317.0,607.8456,317.1817,607.8456,317.1817,316.9817179970097,62.97396944919372,1.745,0.614,-21.99,0.13187,0.05115,-22.23,607.8456,317.1817,316.9817179970097,62.97396944919372,1.746481292,0.59065425038,1.746481292,0.59065425038,1.378,0.663,-18.81,1.377738,0.662551,-18.81,23.4307,0.0,6.17,2.843,0.648,0.01,1.0
796,796,1_255,1_329,2079.967,41.07851,18.0574,0.0214,141.6855,26.0,35.0,525.0,294.0,526.3155,292.9388,526.3155,292.9388,317.0329986681454,62.97940187240491,1.951,1.035,-52.79,0.04259,0.02488,-51.35,526.3155,292.9388,317.0329986681454,62.97940187240491,1.3160980504,1.832525772,1.3160980504,1.832525772,1.556,0.854,-53.89,1.555609,0.8536415,-53.89,23.4347,0.0,8.5,1.884,0.469,0.028,1.0
809,809,1_268,1_316,10580.47,62.61152,16.2913,0.0064,141.768,50.0,61.0,598.0,279.0,598.9337,279.7847,598.9337,279.7847,316.98860837983443,62.98432072694367,2.022,1.161,32.19,0.01446,0.00956,34.68,598.9337,279.7847,316.98860837983443,62.98432072694367,1.5804942026,0.98851737521,1.5804942026,0.98851737521,1.402,0.778,32.1,1.401587,0.7775379,32.1,23.4584,0.0,7.3,1.742,0.426,0.044,1.0
1032,1032,1_491,1_93,294.9026,21.10026,20.1784,0.0777,142.9313,7.0,11.0,994.0,84.0,994.6473,83.6985,994.6473,83.6985,316.75076451911326,63.04582441519074,0.94,0.777,-18.12,0.07853,0.068,-16.94,994.6473,83.6985,316.75076451911326,63.04582441519074,0.46792083785,0.3302374959,0.46792083785,0.3302374959,0.688,0.57,-11.12,0.6880797,0.5698286,-11.12,23.4675,3.0,2.31,1.209,0.173,0.848,1.0
1033,1033,1_492,1_93,340.1121,22.08668,20.0235,0.0705,142.4632,10.0,12.0,998.0,81.0,997.5052,81.4767,997.5052,81.4767,316.7490710655087,63.04649345501483,0.912,0.857,-13.35,0.07276,0.07241,-14.7,997.5052,81.4767,316.7490710655087,63.04649345501483,0.59804308424,0.47058622122,0.59804308424,0.47058622122,0.773,0.686,0.92,0.7733536,0.685969,0.92,23.4353,3.0,2.48,1.064,0.06,0.207,1.0
1145,1145,2_25,2_512,1087.204,53.93384,18.7618,0.0539,163.2192,11.0,17.0,1422.0,508.0,1421.5403,509.0769,1421.5403,509.0769,316.4725214426591,62.93279764264383,1.715,0.811,-53.32,0.05486,0.02852,-52.58,1421.5403,509.0769,316.4725214426591,62.93279764264383,1.5490210513,2.0266759474,1.5490210513,2.0266759474,1.572,1.052,-55.25,1.571564,1.05161,-55.25,22.6437,24.0,7.05,2.115,0.527,0.888,2.0
1146,1146,2_26,2_511,4554.412,123.1211,17.2065,0.0294,163.0946,78.0,85.0,1392.0,510.0,1394.1862,506.0607,1394.1862,506.0607,316.48950678456885,62.933246541945046,7.666,1.046,-59.22,0.12982,0.01652,-59.3,1394.1862,506.0607,316.48950678456885,62.933246541945046,14.775844769,15.559896361,14.775844769,15.559896361,4.096,3.682,-52.03,4.09647,3.681667,-52.03,22.7252,26.0,16.99,7.329,0.864,0.0,2.0
1149,1149,2_29,2_510,250374.4,338.7564,12.8561,0.0015,145.6248,921.0,1143.0,1372.0,374.0,1371.2214,364.8668,1371.2214,364.8668,316.508254259745,62.97257743090828,61.445,1.61,89.54,0.08033,0.00264,89.27,1371.2214,364.8668,316.508254259745,62.97257743090828,12.655145428,358.20714963,12.655145428,358.20714963,18.928,3.548,89.19,18.92818,3.54773,89.19,23.4399,18.0,59.71,38.161,0.974,0.692,2.0
1156,1156,2_36,2_479,239.7539,25.92897,20.4032,0.1174,160.3383,6.0,6.0,1410.0,473.0,1410.0072,473.4917,1410.0072,473.4917,316.48078427285395,62.942627464308266,0.771,0.5,1.1,0.06597,0.04066,0.1,1410.0072,473.4917,316.48078427285395,62.942627464308266,0.52261869447,0.55950706358,0.52261869447,0.55950706358,0.763,0.707,58.47,0.7627435,0.7073529,58.47,22.9973,0.0,1.97,1.543,0.352,0.788,2.0
1829,1829,3_198,3_319,2068.25,44.4566,18.0636,0.0233,142.9621,35.0,43.0,1880.0,309.0,1878.3861,309.2933,1878.3861,309.2933,316.1962566141873,62.99529985102825,2.367,1.163,10.97,0.05978,0.03113,17.93,1878.3861,309.2933,316.1962566141873,62.99529985102825,2.348605457,0.8030620101,2.348605457,0.8030620101,1.535,0.892,3.79,1.534734,0.8923335,3.79,23.4584,0.0,9.94,2.035,0.509,0.025,3.0
2097,2097,3_466,3_42,11344.66,66.00225,16.2156,0.0063,141.3244,58.0,65.0,1666.0,46.0,1664.1124,47.0445,1664.1124,47.0445,316.3369257293991,63.06606923022837,2.241,1.196,-27.87,0.01507,0.00978,-27.67,1664.1124,47.0445,316.3369257293991,63.06606923022837,2.3816729846,1.2323904542,2.3816729846,1.2323904542,1.699,0.853,-28.92,1.699048,0.8528185,-28.92,23.3564,0.0,7.42,1.874,0.467,0.025,3.0
2156,2156,4_19,4_478,3035.501,48.60751,17.647,0.0174,142.1651,35.0,45.0,2039.0,504.0,2039.1833,505.8839,2039.1833,505.8839,316.0911415847281,62.94215697569258,2.35,1.09,-87.92,0.04115,0.02141,89.44,2039.1833,505.8839,316.0911415847281,62.94215697569258,0.76228024997,1.7702160098,0.76228024997,1.7702160098,1.332,0.87,-86.06,1.332298,0.8703319,-86.06,23.3573,24.0,6.14,2.156,0.536,0.07,4.0
2588,2588,4_451,4_476,3396.171,47.38505,17.5251,0.0152,141.8696,35.0,44.0,2381.0,503.0,2381.5258,501.9008,2381.5258,501.9008,315.8796952006409,62.94752436392973,1.993,1.15,-82.39,0.0323,0.02059,-86.37,2381.5258,501.9008,315.8796952006409,62.94752436392973,0.82541422046,2.1668389096,0.82541422046,2.1668389096,1.488,0.881,-79.42,1.488391,0.8814453,-79.42,23.3963,19.0,5.88,1.733,0.423,0.031,4.0
3045,3045,5_431,5_35,763.7652,30.83363,19.1452,0.0438,141.949,18.0,22.0,2819.0,33.0,2818.976,34.3134,2818.976,34.3134,315.6204202020732,63.08396129630125,1.704,0.934,-74.91,0.0831,0.04962,-73.24,2818.976,34.3134,315.6204202020732,63.08396129630125,0.8601417678,2.026936079,0.8601417678,2.026936079,1.444,0.895,-77.64,1.444227,0.8951462,-77.64,23.3634,0.0,5.09,1.825,0.452,0.011,5.0
3572,3572,7_22,7_567,541.8719,30.92547,19.5178,0.062,143.4836,17.0,23.0,420.0,1011.0,420.7572,1010.0359,420.7572,1010.0359,317.0711001702678,62.776260080047614,2.47,0.769,-56.12,0.16404,0.05042,-56.11,420.7572,1010.0359,317.0711001702678,62.776260080047614,5.148341089,4.647288999,5.148341089,4.647288999,2.425,1.979,-37.61,2.424718,1.978983,-37.61,23.4107,24.0,8.24,3.211,0.689,0.0,7.0
4009,4009,7_459,7_113,105.963,14.13651,21.2897,0.1449,141.8015,5.0,5.0,2.0,601.0,2.3496,601.1891,2.3496,601.1891,317.34420530839253,62.88362740520548,0.735,0.45,74.15,0.10932,0.06365,71.58,2.3496,601.1891,317.34420530839253,62.88362740520548,0.37726416069,0.41581569239,0.37726416069,0.41581569239,0.65,0.609,68.81,0.6501015,0.6086444,68.81,23.4294,16.0,3.24,1.635,0.388,0.006,7.0
4560,4560,8_442,8_132,25021.14,80.78019,15.3568,0.0035,150.7944,54.0,65.0,852.0,619.0,852.1435,618.9523,852.1435,618.9523,316.8200609286951,62.893230645654775,1.846,1.126,78.71,0.00688,0.0051,68.47,852.1435,618.9523,316.8200609286951,62.893230645654775,0.096858276613,0.094582082642,0.096858276613,0.094582082642,0.312,0.306,25.65,0.3123146,0.3064309,25.65,23.906,3.0,0.91,1.639,0.39,0.984,8.0
4562,4562,8_444,8_132,119045.9,145.5683,13.6633,0.0013,153.4221,61.0,63.0,854.0,584.0,853.5345,584.3263,853.5345,584.3263,316.82042641930434,62.90297761262439,1.23,1.047,-85.58,0.00181,0.0015,-59.2,853.5345,584.3263,316.82042641930434,62.90297761262439,0.16323337837,0.11817929283,0.16323337837,0.11817929283,0.405,0.343,-6.61,0.4047793,0.3428795,-6.61,24.2166,7.0,1.18,1.174,0.148,0.988,8.0
4609,4609,8_491,8_88,2421.344,43.23396,17.8924,0.0194,149.3876,31.0,37.0,833.0,577.0,833.1192,576.9815,833.1192,576.9815,316.8332729472476,62.90471235476548,1.315,1.167,34.5,0.02776,0.02474,36.28,833.1192,576.9815,316.8332729472476,62.90471235476548,0.48888688226,0.43990248909,0.48888688226,0.43990248909,0.702,0.66,14.83,0.7018401,0.6604618,14.83,23.8116,0.0,2.08,1.127,0.113,0.562,8.0
4691,4691,9_2,9_282,201972.4,246.4568,13.0893,0.0013,157.3176,378.0,449.0,1373.0,632.0,1372.352,631.8199999999999,1372.352,631.8199999999999,316.4989277999624,62.89759583468553,12.056,1.685,89.3,0.01624,0.0023,89.6,1372.352,631.8199999999999,316.4989277999624,62.89759583468553,0.4435841761,0.38965046204,0.4435841761,0.38965046204,0.666,0.624,-4.84,0.6663132,0.6239082,-4.84,23.3479,3.0,1.81,7.156,0.86,0.837,9.0
4692,4692,9_3,9_282,257158.5,494.8402,12.8271,0.0021,173.6761,284.0,294.0,1369.0,525.0,1369.7113,525.1706,1369.7113,525.1706,316.5039996999377,62.92751951994317,4.066,2.087,39.96,0.0047,0.00214,34.01,1369.7113,525.1706,316.5039996999377,62.92751951994317,0.68345152626,0.67156214635,0.68345152626,0.67156214635,0.879,0.763,43.22,0.8793634,0.7627147,43.22,21.9067,19.0,3.51,1.948,0.487,0.841,9.0
4693,4693,9_4,9_282,156032.0,385.8195,13.3695,0.0027,175.9645,115.0,139.0,1373.0,514.0,1372.3306,514.334,1372.3306,514.334,316.50273297113665,62.93060238367845,2.919,1.283,81.95,0.00418,0.00169,79.99,1372.3306,514.334,316.50273297113665,62.93060238367845,0.29176697403,0.22038534417,0.29176697403,0.22038534417,0.543,0.467,-10.52,0.5425093,0.466729,-10.52,21.766,19.0,11.6,2.275,0.56,0.977,9.0
4694,4694,9_5,9_282,4431244.0,1511.279,9.7363,4.0E-4,169.4041,4622.0,4946.0,1375.0,547.0,1371.7573,546.4439,1371.7573,546.4439,316.5020496213285,62.92157295839948,24.649,8.178,-89.33,0.00674,0.00256,-88.97,1371.7573,546.4439,316.5020496213285,62.92157295839948,11.770258671,10.104767721,11.770258671,10.104767721,3.466,3.141,19.52,3.4655,3.140913,19.52,23.328,23.0,85.24,3.014,0.668,0.041,9.0
4827,4827,9_138,9_380,812.6752,32.27336,19.0778,0.0431,142.8811,18.0,24.0,1500.0,886.0,1498.9716,886.1781,1498.9716,886.1781,316.4128494323319,62.827961808564176,2.083,0.805,7.79,0.09685,0.03945,8.75,1498.9716,886.1781,316.4128494323319,62.827961808564176,1.706138442,0.72637930576,1.706138442,0.72637930576,1.312,0.843,7.09,1.312076,0.8431937,7.09,23.4081,0.0,7.46,2.588,0.614,0.025,9.0
4931,4931,9_242,9_282,134601.2,193.0009,13.5299,0.0016,146.5031,323.0,380.0,1371.0,779.0,1371.2787,778.8863,1371.2787,778.8863,316.4948531510388,62.856262540337006,18.792,2.028,89.32,0.03117,0.00343,-89.98,1371.2787,778.8863,316.4948531510388,62.856262540337006,0.36733741401,2.1012645416,0.36733741401,2.1012645416,1.45,0.606,89.09,1.449725,0.6057214,89.09,23.4379,3.0,0.59,9.268,0.892,0.841,9.0
4935,4935,9_246,9_282,336074.4,317.3787,12.5365,0.001,191.7319,173.0,173.0,1373.0,565.0,1371.7751,564.4102,1371.7751,564.4102,316.50145851635125,62.91652572215239,2.755,1.499,15.95,0.00238,0.00118,16.12,1371.7751,564.4102,316.50145851635125,62.91652572215239,2.0569589339,0.9551950107,2.0569589339,0.9551950107,1.468,0.925,16.02,1.468335,0.9252814,16.02,23.6447,7.0,12.18,1.839,0.456,0.975,9.0
5063,5063,9_374,9_147,916.0504,32.68533,18.9478,0.0387,143.5155,19.0,23.0,1038.0,658.0,1036.1383,657.7248999999999,1036.1383,657.7248999999999,316.70532248326003,62.88524541029211,2.012,0.833,19.01,0.08124,0.03724,19.9,1036.1383,657.7248999999999,316.70532248326003,62.88524541029211,2.0441815228,0.85895543391,2.0441815228,0.85895543391,1.47,0.862,16.63,1.469783,0.8619012,16.63,23.3938,0.0,6.92,2.415,0.586,0.208,9.0
5118,5118,9_429,9_88,826.231,34.55743,19.0598,0.0454,160.8889,14.0,21.0,1430.0,598.0,1429.7879,597.6884,1429.7879,597.6884,316.46459832130233,62.90802176578797,1.159,1.011,33.22,0.04456,0.03721,35.9,1429.7879,597.6884,316.46459832130233,62.90802176578797,0.48458403259,0.43798333729,0.48458403259,0.43798333729,0.701,0.657,19.56,0.700942,0.6566945,19.56,23.9879,0.0,2.11,1.146,0.127,0.026,9.0
5135,5135,9_446,9_71,497.3651,48.50544,19.6109,0.1059,175.4,10.0,13.0,1332.0,576.0,1331.5775,576.1412,1331.5775,576.1412,316.5258800100048,62.91263880331768,1.016,0.865,15.26,0.04147,0.03565,13.89,1331.5775,576.1412,316.5258800100048,62.91263880331768,1.1797301052,1.067585415,1.1797301052,1.067585415,1.091,1.028,16.82,1.091335,1.027766,16.82,23.2188,0.0,2.06,1.175,0.149,0.398,9.0
5139,5139,9_450,9_67,1584.605,66.87375,18.3528,0.0458,181.1374,20.0,25.0,1418.0,570.0,1417.466,569.7759,1417.466,569.7759,316.4730928044368,62.91568502108814,1.224,1.107,-11.4,0.02576,0.02261,-12.46,1417.466,569.7759,316.4730928044368,62.91568502108814,0.45221517116,0.41092230882,0.45221517116,0.41092230882,0.673,0.641,-4.02,0.6726215,0.6408727,-4.02,23.7484,0.0,2.1,1.105,0.095,0.737,9.0
5146,5146,9_457,9_60,2783.722,73.34599,17.741,0.0286,174.7719,23.0,28.0,1426.0,565.0,1426.4399,565.297,1426.4399,565.297,316.4676986346005,62.91707367331324,1.236,1.106,-18.1,0.01931,0.01693,-28.31,1426.4399,565.297,316.4676986346005,62.91707367331324,0.48398633829,0.37831580462,0.48398633829,0.37831580462,0.696,0.615,0.61,0.6956999,0.615064,0.61,23.2107,0.0,1.86,1.117,0.105,0.905,9.0
5152,5152,9_463,9_53,2913.987,82.50749,17.6913,0.0307,179.7975,25.0,30.0,1322.0,560.0,1322.4578,560.3105,1322.4578,560.3105,316.5320219505296,62.91695146089855,1.267,1.161,35.24,0.01873,0.01678,42.14,1322.4578,560.3105,316.5320219505296,62.91695146089855,0.47732152723,0.40120015141,0.47732152723,0.40120015141,0.691,0.633,3.66,0.691111,0.6331566,3.66,23.2262,0.0,1.92,1.092,0.084,0.867,9.0
5153,5153,9_464,9_52,1227.227,60.26827,18.6303,0.0533,174.4042,15.0,20.0,1312.0,561.0,1312.0482,560.8009,1312.0482,560.8009,316.53842891843965,62.916659609146016,1.114,1.026,18.7,0.02781,0.02564,25.95,1312.0482,560.8009,316.53842891843965,62.916659609146016,0.48217843983,0.42863522543,0.48217843983,0.42863522543,0.695,0.655,3.06,0.6945011,0.6545853,3.06,23.2014,0.0,1.82,1.086,0.079,0.886,9.0
5184,5184,9_495,9_21,82.21567,7.024705,21.5652,0.0928,143.3918,6.0,8.0,1515.0,528.0,1514.6828,528.3059,1514.6828,528.3059,316.41440656485213,62.92873673582893,1.248,0.437,-82.08,0.43857,0.14761,-81.21,1514.6828,528.3059,316.41440656485213,62.92873673582893,0.21476272569,0.86588811559,0.21476272569,0.86588811559,0.932,0.461,-86.47,0.9318665,0.4607338,-86.47,24.8204,25.0,4.37,2.857,0.65,0.0,9.0
5249,5249,10_46,10_438,2477.875,42.66288,17.8674,0.0187,140.645,32.0,36.0,1762.0,966.0,1762.1757,967.4789,1762.1757,967.4789,316.2484692600821,62.80877571617276,1.83,1.055,76.01,0.03737,0.02351,77.24,1762.1757,967.4789,316.2484692600821,62.80877571617276,0.73728061093,1.8789852457,0.73728061093,1.8789852457,1.398,0.814,76.13,1.397522,0.8143689,76.13,23.3241,0.0,5.97,1.735,0.424,0.037,10.0
5406,5406,10_203,10_284,1053.246,34.50083,18.7962,0.0356,141.627,20.0,27.0,2001.0,800.0,2001.5565,801.6533999999999,2001.5565,801.6533999999999,316.1059533610814,62.85854569531927,1.937,0.928,52.54,0.07214,0.03722,52.64,2001.5565,801.6533999999999,316.1059533610814,62.85854569531927,1.3837009185,2.0104211623,1.3837009185,2.0104211623,1.589,0.932,56.11,1.589323,0.9317595,56.11,23.4094,0.0,7.24,2.088,0.521,0.014,10.0
5499,5499,10_296,10_190,832.0954,32.70672,19.0521,0.0427,143.1525,21.0,24.0,1732.0,707.0,1732.9191,707.9621999999999,1732.9191,707.9621999999999,316.2742472644991,62.881304314379264,1.879,0.865,24.12,0.08466,0.042,24.27,1732.9191,707.9621999999999,316.2742472644991,62.881304314379264,1.7609771312,0.80970157357,1.7609771312,0.80970157357,1.377,0.821,19.42,1.376941,0.8214089,19.42,23.4418,0.0,6.47,2.173,0.54,0.008,10.0
5642,5642,10_439,10_51,95748.78,126.3251,13.8997,0.0014,148.5018,25.0,25.0,1848.0,547.0,1847.8429,546.4293,1847.8429,546.4293,316.208153329454,62.92825107743408,1.048,0.802,66.66,0.00147,0.00114,70.24,1847.8429,546.4293,316.208153329454,62.92825107743408,0.076126095045,0.15732434787,0.076126095045,0.15732434787,0.43,0.22,63.22,0.4301865,0.2199773,63.22,23.8651,3.0,1.3,1.307,0.235,1.0,10.0
6174,6174,12_8,12_7,2879.804,49.63546,17.7042,0.0187,141.9745,42.0,49.0,2611.0,511.0,2609.1886,511.4966,2609.1886,511.4966,315.738728567647,62.947476596834605,2.257,1.406,-11.0,0.04277,0.02791,-8.26,2609.1886,511.4966,315.738728567647,62.947476596834605,2.095122376,1.5883496813,2.095122376,1.5883496813,1.56,1.118,-32.32,1.559912,1.118099,-32.32,23.3681,16.0,9.41,1.605,0.377,0.027,12.0
6403,6403,12_237,12_193,5505.693,52.45698,17.0005,0.0103,142.7539,42.0,49.0,2743.0,743.0,2744.5433,742.3512000000001,2744.5433,742.3512000000001,315.6494835312604,62.88408117348128,2.282,1.092,-12.4,0.02488,0.01347,-11.43,2744.5433,742.3512000000001,315.6494835312604,62.88408117348128,1.1994423962,0.68452595648,1.1994423962,0.68452595648,1.103,0.817,-10.07,1.102822,0.8171615,-10.07,23.3914,0.0,5.92,2.089,0.521,0.044,12.0
7015,7015,14_2,14_47,57378.59,97.61376,14.4557,0.0018,145.262,14.0,14.0,410.0,1022.0,409.6004,1022.2356,409.6004,1022.2356,317.0774872375617,62.77264370172384,1.012,0.724,-72.66,0.0019,0.00131,-73.2,409.6004,1022.2356,317.0774872375617,62.77264370172384,0.15428011896,0.11158302361,0.15428011896,0.11158302361,0.393,0.334,2.87,0.3929219,0.3338795,2.87,23.3792,3.0,0.8,1.396,0.284,0.983,14.0
7158,7158,14_145,14_363,7045.321,54.39782,16.7328,0.0084,142.3956,45.0,51.0,388.0,1366.0,388.0013,1364.0246,388.0013,1364.0246,317.07786903358846,62.676308695032326,2.175,1.147,79.11,0.01904,0.01148,73.36,388.0013,1364.0246,317.07786903358846,62.676308695032326,0.79001433228,2.3603488119,0.79001433228,2.3603488119,1.549,0.867,81.15,1.548999,0.8665825,81.15,23.4243,0.0,6.38,1.896,0.473,0.034,14.0
7259,7259,14_246,14_262,4925.8,54.50092,17.1214,0.012,142.8347,48.0,60.0,198.0,1254.0,198.8244,1254.6071,198.8244,1254.6071,317.1977796239444,62.70373908271417,2.159,1.335,19.78,0.02727,0.02006,15.1,198.8244,1254.6071,317.1977796239444,62.70373908271417,1.8992530727,1.0009058959,1.8992530727,1.0009058959,1.458,0.879,24.2,1.458326,0.8794568,24.2,23.4648,0.0,5.74,1.618,0.382,0.029,14.0
7471,7471,14_458,14_47,51946.48,92.68333,14.5637,0.0019,154.0797,12.0,12.0,410.0,1040.0,409.5383,1039.5752,409.5383,1039.5752,317.0768726904828,62.76777414465337,0.922,0.779,40.81,0.00172,0.00144,40.07,409.5383,1039.5752,317.0768726904828,62.76777414465337,0.19581812898,0.14429678642,0.19581812898,0.14429678642,0.445,0.377,11.48,0.4450087,0.3769379,11.48,24.3852,3.0,0.15,1.184,0.155,0.988,14.0
7887,7887,15_370,15_178,2996.477,45.27443,17.661,0.0164,142.1999,36.0,44.0,984.0,1160.0,982.5486,1160.4327,982.5486,1160.4327,316.7210683135349,62.743208632852735,2.352,1.096,-10.11,0.04291,0.02098,-10.67,982.5486,1160.4327,316.7210683135349,62.743208632852735,1.7870992949,0.87226524683,1.7870992949,0.87226524683,1.354,0.909,-12.41,1.354113,0.908703,-12.41,23.458,3.0,6.58,2.147,0.534,0.044,15.0
7928,7928,15_411,15_138,823.0718,34.08362,19.064,0.045,141.5062,17.0,28.0,928.0,1133.0,928.4786,1134.4311,928.4786,1134.4311,316.7551233016192,62.749665007317645,1.764,0.943,83.07,0.09285,0.05246,82.91,928.4786,1134.4311,316.7551233016192,62.749665007317645,0.91317329978,1.6666282591,0.91317329978,1.6666282591,1.292,0.954,86.8,1.291894,0.9543644,86.8,23.414,0.0,6.57,1.871,0.466,0.105,15.0
8081,8081,16_19,16_1,157.7382,14.64439,20.8577,0.1008,141.3569,4.0,5.0,1363.0,1004.0,1363.2447,1004.1701,1363.2447,1004.1701,316.4925581815079,62.79285227122156,1.164,0.323,-9.89,0.18132,0.05155,-10.87,1363.2447,1004.1701,316.4925581815079,62.79285227122156,1.1348648979,0.25403635677,1.1348648979,0.25403635677,1.069,0.495,-5.63,1.069346,0.4953784,-5.63,23.4097,24.0,3.61,3.606,0.723,0.022,16.0
8101,8101,16_39,16_469,852.2142,30.19796,19.0262,0.0385,141.571,17.0,21.0,1113.0,1475.0,1112.1268,1473.5854,1112.1268,1473.5854,316.63115106707136,62.65723997454816,1.805,0.819,62.49,0.07509,0.03739,61.2,1112.1268,1473.5854,316.63115106707136,62.65723997454816,0.92142617105,1.5697689455,0.92142617105,1.5697689455,1.316,0.871,65.9,1.31606,0.8713101,65.9,23.3576,0.0,5.6,2.203,0.546,0.323,16.0
8311,8311,16_249,16_262,4915.605,52.52937,17.1236,0.0116,141.9299,42.0,52.0,1089.0,1265.0,1087.4882,1264.7858,1087.4882,1264.7858,316.65320724922725,62.71551693143213,2.471,1.062,17.89,0.02995,0.01468,17.49,1087.4882,1264.7858,316.65320724922725,62.71551693143213,1.7928022129,0.78859063246,1.7928022129,0.78859063246,1.384,0.817,18.18,1.38355,0.816813,18.18,23.4232,3.0,5.78,2.328,0.57,0.034,16.0
8470,8470,16_408,16_105,1389.485,37.55147,18.4954,0.0293,141.8125,22.0,32.0,1060.0,1109.0,1058.9465,1109.5718,1058.9465,1109.5718,316.67593361716905,62.75867847238295,1.922,0.885,-9.11,0.05981,0.03033,-7.87,1058.9465,1109.5718,316.67593361716905,62.75867847238295,2.038828027,0.72272593927,2.038828027,0.72272593927,1.447,0.817,-11.27,1.446812,0.8174887,-11.27,23.4214,0.0,7.8,2.172,0.54,0.015,16.0
8676,8676,17_105,17_404,1670.827,39.18969,18.2952,0.0255,141.8582,24.0,32.0,1956.0,1401.0,1957.5147,1401.4279,1957.5147,1401.4279,316.1159649598189,62.68941283625535,2.193,0.925,22.3,0.05734,0.02671,24.14,1957.5147,1401.4279,316.1159649598189,62.68941283625535,2.4383416728,0.96466101795,2.4383416728,0.96466101795,1.643,0.839,21.2,1.642987,0.8388055,21.2,23.3551,0.0,8.52,2.37,0.578,0.028,17.0
9415,9415,18_357,18_155,4753.149,53.35676,17.1601,0.0122,141.646,47.0,55.0,2515.0,1177.0,2513.4012,1175.8825,2513.4012,1175.8825,315.78105707348624,62.75960835797626,2.528,1.105,27.88,0.03307,0.01659,28.33,2513.4012,1175.8825,315.78105707348624,62.75960835797626,1.2427108019,0.82676516651,1.2427108019,0.82676516651,1.165,0.843,24.98,1.165346,0.8434713,24.98,23.4095,16.0,7.39,2.288,0.563,0.052,18.0
9448,9448,18_390,18_121,3836.504,53.37087,17.3927,0.0151,142.4307,31.0,56.0,2405.0,1140.0,2408.8215,1142.666,2408.8215,1142.666,315.8461432550814,62.76772764640664,4.419,0.9,40.24,0.06846,0.01529,41.3,2408.8215,1142.666,315.8461432550814,62.76772764640664,5.6075691289,2.5350098106,5.6075691289,2.5350098106,2.805,0.525,33.06,2.804798,0.5250589,33.06,23.4099,0.0,11.95,4.912,0.796,0.511,18.0
9706,9706,19_135,19_362,820.7647,31.71007,19.067,0.042,140.6701,18.0,23.0,2580.0,1376.0,2578.6625,1377.3192,2578.6625,1377.3192,315.7359755551249,62.703725952427895,2.153,0.821,-43.49,0.10314,0.0386,-42.4,2578.6625,1377.3192,315.7359755551249,62.703725952427895,0.99165640518,1.148610465,0.99165640518,1.148610465,1.195,0.845,-51.35,1.19452,0.8446229,-51.35,23.381,0.0,6.43,2.622,0.619,0.01,19.0
9712,9712,19_141,19_356,1181.606,34.25488,18.6714,0.0315,140.9415,23.0,26.0,2576.0,1371.0,2574.2734,1370.0114,2574.2734,1370.0114,315.7388473617979,62.70573062769698,1.913,0.88,30.06,0.06411,0.03172,27.2,2574.2734,1370.0114,315.7388473617979,62.70573062769698,1.5776449207,1.0408631803,1.5776449207,1.0408631803,1.41,0.794,33.35,1.409871,0.7942114,33.35,23.4009,0.0,7.34,2.175,0.54,0.018,19.0
9945,9945,19_374,19_123,823.3185,33.02128,19.0636,0.0436,143.9593,19.0,23.0,2850.0,1126.0,2850.9095,1125.3258,2850.9095,1125.3258,315.57491909462857,62.77755396362768,1.836,0.84,-27.4,0.08143,0.03804,-24.67,2850.9095,1125.3258,315.57491909462857,62.77755396362768,1.6402853068,1.0965483701,1.6402853068,1.0965483701,1.415,0.857,-32.31,1.415159,0.8568308,-32.31,23.4962,0.0,7.42,2.184,0.542,0.01,19.0
10007,10007,19_436,19_63,1335.326,37.61965,18.5386,0.0306,142.2981,24.0,30.0,2762.0,1066.0,2762.4833,1067.4823,2762.4833,1067.4823,315.6306442046924,62.79286750476786,1.808,1.076,-88.6,0.05704,0.03787,-84.7,2762.4833,1067.4823,315.6306442046924,62.79286750476786,0.8388123467,1.4962492918,0.8388123467,1.4962492918,1.227,0.911,83.24,1.227036,0.9107377,83.24,23.4044,0.0,6.15,1.681,0.405,0.037,19.0
10098,10098,20_29,20_463,607.3933,29.54306,19.3939,0.0528,141.7117,16.0,20.0,3023.0,1475.0,3021.7447,1476.0104,3021.7447,1476.0104,315.4621268478721,62.680728305583,1.783,0.812,-41.77,0.10552,0.05013,-39.28,3021.7447,1476.0104,315.4621268478721,62.680728305583,1.3682039886,1.5188983189,1.3682039886,1.5188983189,1.46,0.869,-48.14,1.460324,0.8686513,-48.14,23.3888,0.0,6.09,2.197,0.545,0.206,20.0
10912,10912,21_350,21_133,503.3262,26.79457,19.5979,0.0578,141.8129,11.0,18.0,249.0,1611.0,249.3209,1612.2672,249.3209,1612.2672,317.1531743481694,62.604216299067495,1.648,0.675,64.86,0.11372,0.05086,64.63,249.3209,1612.2672,317.1531743481694,62.604216299067495,0.72135862776,1.9604858174,0.72135862776,1.9604858174,1.506,0.644,66.0,1.505577,0.6442692,66.0,23.4338,0.0,6.29,2.441,0.59,0.007,21.0
11004,11004,21_442,21_36,494.6266,25.00344,19.6169,0.0549,142.346,14.0,15.0,225.0,1538.0,226.4422,1538.5637,226.4422,1538.5637,317.169955764531,62.62450783902276,1.59,0.695,8.14,0.10165,0.04682,9.43,226.4422,1538.5637,317.169955764531,62.62450783902276,1.7711718975,0.57075505308,1.7711718975,0.57075505308,1.34,0.739,8.07,1.340079,0.7389966,8.07,23.455,0.0,6.27,2.289,0.563,0.01,21.0
11056,11056,22_18,22_2,730.2025,25.85455,19.194,0.0385,142.4369,15.0,16.0,835.0,1506.0,833.7257,1506.432,833.7257,1506.432,316.8002239413033,62.64368337412952,2.134,0.495,-0.03,0.1096,0.02418,-0.16,833.7257,1506.432,316.8002239413033,62.64368337412952,1.9255751457,0.35241619145,1.9255751457,0.35241619145,1.388,0.594,-0.22,1.38766,0.5936265,-0.22,23.4613,24.0,6.13,4.309,0.768,0.026,22.0
11358,11358,22_320,22_124,1019.696,34.77462,18.8314,0.037,141.9449,22.0,30.0,520.0,1647.0,521.5756,1647.3319,521.5756,1647.3319,316.98578203455975,62.59902117944379,2.788,0.825,24.67,0.11579,0.03486,24.34,521.5756,1647.3319,316.98578203455975,62.59902117944379,1.3974146331,0.77988880092,1.3974146331,0.77988880092,1.285,0.725,28.37,1.285114,0.7251104,28.37,23.4548,0.0,9.08,3.381,0.704,0.018,22.0
11498,11498,23_15,23_3,548.4005,26.08078,19.5048,0.0516,142.6083,15.0,16.0,1149.0,1506.0,1150.4917,1506.6397,1150.4917,1506.6397,316.60659755584265,62.64853548776313,1.959,0.586,8.98,0.12526,0.0374,8.29,1150.4917,1506.6397,316.60659755584265,62.64853548776313,2.068550987,0.47023011338,2.068550987,0.47023011338,1.453,0.654,9.16,1.453014,0.653859,9.16,23.4213,24.0,6.39,3.346,0.701,0.015,23.0
12027,12027,24_122,24_346,5625.467,50.99789,16.9772,0.0098,141.6216,37.0,44.0,1800.0,1892.0,1801.4378,1891.8167,1801.4378,1891.8167,316.19725951402046,62.549554655975086,1.942,1.055,0.31,0.02157,0.01201,1.55,1801.4378,1891.8167,316.19725951402046,62.549554655975086,1.958847911,0.58650951423,1.958847911,0.58650951423,1.4,0.766,-1.11,1.399774,0.7655006,-1.11,23.3689,0.0,6.69,1.841,0.457,0.03,24.0
12096,12096,24_191,24_276,2932.178,45.2722,17.6846,0.0168,141.8526,33.0,40.0,1967.0,1826.0,1966.6335,1824.456,1966.6335,1824.456,316.0984418706037,62.5706460181587,2.117,1.067,63.45,0.0365,0.02099,65.38,1966.6335,1824.456,316.0984418706037,62.5706460181587,0.96581244837,1.4882076633,0.96581244837,1.4882076633,1.31,0.859,61.11,1.310326,0.858526,61.11,23.3402,0.0,8.54,1.983,0.496,0.038,24.0
12295,12295,24_390,24_72,1203.696,35.88608,18.6513,0.0324,141.6736,22.0,29.0,1821.0,1602.0,1822.9341,1601.4989,1822.9341,1601.4989,316.1925691961529,62.63142170035362,2.253,0.896,-17.29,0.07869,0.03364,-17.06,1822.9341,1601.4989,316.1925691961529,62.63142170035362,2.9466487466,1.0091759401,2.9466487466,1.0091759401,1.796,0.854,-19.54,1.796056,0.8544043,-19.54,23.3746,0.0,7.31,2.515,0.602,0.013,24.0
12494,12494,25_130,25_303,1789.024,41.70766,18.221,0.0253,142.3647,30.0,38.0,2252.0,1849.0,2250.732,1847.3013,2250.732,1847.3013,315.92449119229724,62.5677765092509,2.462,1.011,51.47,0.06718,0.0299,51.74,2250.732,1847.3013,315.92449119229724,62.5677765092509,1.4893921975,1.8139580283,1.4893921975,1.8139580283,1.586,0.888,50.42,1.585667,0.8882625,50.42,23.3827,2.0,6.65,2.435,0.589,0.018,25.0
12542,12542,25_178,25_260,8473.556,60.33524,16.5324,0.0077,141.3356,53.0,63.0,2457.0,1799.0,2457.9988,1798.381,2457.9988,1798.381,315.7992592429253,62.58398338103745,2.04,1.225,-37.45,0.01825,0.01211,-31.56,2457.9988,1798.381,315.7992592429253,62.58398338103745,1.4665355163,1.3284860581,1.4665355163,1.3284860581,1.448,0.835,-42.17,1.448459,0.8348582,-42.17,23.4281,0.0,8.13,1.665,0.4,0.026,25.0
12747,12747,25_383,25_50,1533.967,38.39118,18.388,0.0272,141.4919,26.0,31.0,2332.0,1551.0,2333.5197,1551.9098,2333.5197,1551.9098,315.88167114069535,62.65179882848383,2.156,0.921,38.65,0.06179,0.02846,38.98,2333.5197,1551.9098,315.88167114069535,62.65179882848383,1.1177867827,0.85075168469,1.1177867827,0.85075168469,1.146,0.809,33.07,1.146409,0.808879,33.07,23.3482,0.0,5.94,2.341,0.573,0.68,25.0
12845,12845,26_48,26_430,1922.034,42.19053,18.1432,0.0238,143.3013,28.0,37.0,2888.0,1969.0,2886.9888,1967.4613,2886.9888,1967.4613,315.53347349997773,62.54117688179107,1.872,1.138,63.35,0.04465,0.0306,62.78,2886.9888,1967.4613,315.53347349997773,62.54117688179107,1.107356598,1.9369581397,1.107356598,1.9369581397,1.469,0.942,65.41,1.468552,0.9421628,65.41,23.4697,2.0,6.98,1.646,0.392,0.022,26.0
12856,12856,26_59,26_419,3042.192,48.25222,17.6446,0.0172,142.932,35.0,46.0,2955.0,1953.0,2956.613,1952.2304,2956.613,1952.2304,315.4913612251427,62.54617899122102,2.026,1.095,-32.54,0.03513,0.02253,-31.22,2956.613,1952.2304,315.4913612251427,62.54617899122102,1.9705683416,1.3144594277,1.9705683416,1.3144594277,1.599,0.852,-34.51,1.599499,0.8524267,-34.51,23.3967,0.0,8.0,1.85,0.46,0.028,26.0
12916,12916,26_119,26_358,209.7278,17.45072,20.5484,0.0904,142.3709,5.0,7.0,2510.0,1889.0,2510.2643,1889.7634,2510.2643,1889.7634,315.765071460092,62.55889845000253,1.153,0.436,-86.61,0.15256,0.05436,-85.85,2510.2643,1889.7634,315.765071460092,62.55889845000253,0.24818720748,0.91410260049,0.24818720748,0.91410260049,0.957,0.497,87.68,0.9566616,0.4970799,87.68,23.3974,24.0,4.08,2.642,0.621,0.537,26.0
12950,12950,26_153,26_324,1035.309,34.16478,18.8149,0.0358,142.3043,20.0,26.0,2661.0,1854.0,2661.4378,1855.7941,2661.4378,1855.7941,315.673667090799,62.57014587631367,1.795,0.93,82.61,0.06827,0.03737,82.01,2661.4378,1855.7941,315.673667090799,62.57014587631367,0.75206235225,1.5852490598,0.75206235225,1.5852490598,1.27,0.851,79.74,1.270223,0.8507907,79.74,23.3874,0.0,7.73,1.93,0.482,0.014,26.0
13080,13080,26_283,26_189,6718.815,58.63328,16.7843,0.0095,142.3983,40.0,62.0,2777.0,1707.0,2778.8906,1707.7137,2778.8906,1707.7137,315.6054520669134,62.61305285070635,3.015,1.458,78.19,0.03049,0.01447,78.22,2778.8906,1707.7137,315.6054520669134,62.61305285070635,1.5875030952,1.9671117585,1.5875030952,1.9671117585,1.535,1.095,-54.58,1.534783,1.095015,-54.58,23.394,0.0,4.84,2.068,0.517,0.819,26.0
13353,13353,27_92,27_392,230.5575,16.44812,20.4456,0.0775,142.8922,3.0,6.0,2560.0,1917.0,2560.3711,1916.9165,2560.3711,1916.9165,315.7338373627205,62.55183557529057,0.768,0.483,88.57,0.08339,0.05242,88.49,2560.3711,1916.9165,315.7338373627205,62.55183557529057,0.10435560936,0.41462354517,0.10435560936,0.41462354517,0.644,0.323,88.95,0.6439933,0.3228805,88.95,23.3939,24.0,2.34,1.591,0.371,0.969,27.0
14157,14157,28_423,28_410,48825.97,111.1309,14.6309,0.0025,142.4346,113.0,131.0,191.0,2494.0,189.5031,2495.3906,189.5031,2495.3906,317.1559094893673,62.35527348998517,2.623,1.506,-19.92,0.00716,0.00485,-13.99,189.5031,2495.3906,317.1559094893673,62.35527348998517,2.6608120063,1.5038555922,2.6608120063,1.5038555922,1.821,0.922,-31.0,1.820562,0.9220756,-31.0,23.4426,2.0,11.91,1.742,0.426,0.047,28.0
14176,14176,29_14,29_5,29302.5,80.65205,15.1853,0.003,143.1998,44.0,49.0,781.0,2008.0,781.0019,2008.7171,781.0019,2008.7171,316.814858895388,62.50178023347845,1.406,0.881,6.26,0.00601,0.00411,11.69,781.0019,2008.7171,316.814858895388,62.50178023347845,0.43978458672,0.14099266372,0.43978458672,0.14099266372,0.664,0.375,2.27,0.6635157,0.3748656,2.27,23.3918,24.0,1.99,1.596,0.373,0.999,29.0
14279,14279,29_117,29_310,1055.887,35.30059,18.7935,0.0363,142.1647,22.0,30.0,905.0,2375.0,903.9159,2375.2171,903.9159,2375.2171,316.72763148979163,62.40079786455111,2.168,0.848,4.01,0.08774,0.03582,3.97,903.9159,2375.2171,316.72763148979163,62.40079786455111,1.6923122689,0.69337052628,1.6923122689,0.69337052628,1.304,0.827,5.47,1.304442,0.8271121,5.47,23.4158,0.0,8.11,2.558,0.609,0.02,29.0
14284,14284,29_122,29_304,1414.796,37.39731,18.4758,0.0287,142.4924,24.0,33.0,752.0,2367.0,750.8409,2367.742,750.8409,2367.742,316.82066990162747,62.40048145162597,2.113,1.024,-48.77,0.0642,0.03354,-47.0,750.8409,2367.742,316.82066990162747,62.40048145162597,1.2379652383,1.3836568014,1.2379652383,1.3836568014,1.313,0.947,-50.07,1.313164,0.9472187,-50.07,23.4611,0.0,6.9,2.065,0.516,0.019,29.0
14318,14318,29_156,29_272,5074.848,52.63223,17.089,0.0113,142.0587,50.0,56.0,586.0,2327.0,584.8173,2327.5793,584.8173,2327.5793,316.9227181157999,62.4090684754469,2.415,1.157,-43.11,0.03275,0.01547,-47.42,584.8173,2327.5793,316.9227181157999,62.4090684754469,1.0513316774,0.88458093585,1.0513316774,0.88458093585,1.097,0.856,-34.62,1.096911,0.8559785,-34.62,23.4335,0.0,5.23,2.087,0.521,0.064,29.0
14673,14673,30_92,30_405,6914.746,46.86511,16.7531,0.0074,142.3701,30.0,31.0,1004.0,2433.0,1004.6551,2433.2292,1004.6551,2433.2292,316.664631323,62.386062453443714,1.349,0.8,85.26,0.01501,0.00963,86.08,1004.6551,2433.2292,316.664631323,62.386062453443714,0.10263018347,0.36190502538,0.10263018347,0.36190502538,0.602,0.32,88.13,0.6018153,0.3199273,88.13,23.4384,24.0,1.82,1.687,0.407,0.982,30.0
14782,14782,30_201,30_300,2318.33,44.18708,17.9396,0.0207,142.5165,33.0,42.0,1448.0,2323.0,1449.4643,2322.2836,1449.4643,2322.2836,316.3984603875322,62.42377777221387,2.355,1.013,-27.96,0.05221,0.02383,-28.22,1449.4643,2322.2836,316.3984603875322,62.42377777221387,1.7409452371,0.93744822435,1.7409452371,0.93744822435,1.414,0.823,-26.3,1.414404,0.823319,-26.3,23.4396,2.0,9.25,2.324,0.57,0.047,30.0
14829,14829,30_248,30_251,284.1214,20.84738,20.2188,0.0797,142.801,9.0,10.0,1409.0,2271.0,1408.0079,2270.113,1408.0079,2270.113,316.42523868950747,62.43784365275153,1.491,0.521,21.19,0.13837,0.04925,19.41,1408.0079,2270.113,316.42523868950747,62.43784365275153,1.2745409129,0.76066205955,1.2745409129,0.76066205955,1.17,0.817,21.4,1.169545,0.8169258,21.4,23.4096,0.0,5.24,2.864,0.651,0.151,30.0
14857,14857,30_276,30_222,3289.906,50.81961,17.5596,0.0168,142.3749,38.0,58.0,1132.0,2245.0,1133.5704,2246.6268,1133.5704,2246.6268,316.592599866443,62.44042298816042,2.911,1.087,43.08,0.05376,0.02069,43.81,1133.5704,2246.6268,316.592599866443,62.44042298816042,0.87179336197,0.89886197278,0.87179336197,0.89886197278,1.003,0.874,48.19,1.003496,0.873871,48.19,23.4262,0.0,9.02,2.679,0.627,0.986,30.0
14947,14947,30_366,30_125,1717.565,38.74675,18.2653,0.0245,142.9748,26.0,34.0,1067.0,2143.0,1068.1671,2142.5588,1068.1671,2142.5588,316.63574498935753,62.46866503380485,1.919,1.023,-19.25,0.0505,0.02926,-18.14,1068.1671,2142.5588,316.63574498935753,62.46866503380485,1.7049028495,0.82139087999,1.7049028495,0.82139087999,1.356,0.829,-19.93,1.355966,0.829247,-19.93,23.4533,0.0,4.93,1.876,0.467,0.244,30.0
15138,15138,31_66,31_437,19196.29,78.54523,15.6445,0.0044,141.0842,68.0,81.0,1692.0,2450.0,1692.2318,2448.2256,1692.2318,2448.2256,316.24741362546536,62.39175604434609,2.237,1.271,-83.38,0.01096,0.00724,-86.3,1692.2318,2448.2256,316.24741362546536,62.39175604434609,0.78430860218,1.8269560017,0.78430860218,1.8269560017,1.36,0.873,-81.81,1.359782,0.873073,-81.81,23.3916,0.0,6.05,1.76,0.432,0.081,31.0
15581,15581,32_12,32_1,160.7601,15.68093,20.8371,0.1059,142.8462,4.0,6.0,2277.0,2008.0,2277.485,2008.3036,2277.485,2008.3036,315.9039430738058,62.522848798906914,0.928,0.46,0.14,0.14068,0.06942,0.04,2277.485,2008.3036,315.9039430738058,62.522848798906914,0.81538989833,0.30377101829,0.81538989833,0.30377101829,0.903,0.551,0.01,0.9029894,0.5511543,0.01,23.4264,24.0,3.86,2.017,0.504,0.021,32.0
15648,15648,32_79,32_377,217.2906,18.40264,20.51,0.092,140.2991,7.0,8.0,2483.0,2442.0,2484.6801,2443.4198,2484.6801,2443.4198,315.76688023059774,62.402992288096726,1.755,0.428,38.85,0.20436,0.04947,38.09,2484.6801,2443.4198,315.76688023059774,62.402992288096726,1.6595423181,1.3748345635,1.6595423181,1.3748345635,1.409,1.024,36.15,1.409086,1.024135,36.15,23.3724,0.0,5.16,4.099,0.756,0.066,32.0
15707,15707,32_138,32_320,899.6063,34.19278,18.9674,0.0413,141.764,17.0,26.0,2505.0,2377.0,2503.1655,2377.0932000000003,2503.1655,2377.0932000000003,315.7573010048263,62.42184403168263,1.951,0.794,2.48,0.08608,0.03811,3.04,2503.1655,2377.0932000000003,315.7573010048263,62.42184403168263,2.0031265089,0.65991313889,2.0031265089,0.65991313889,1.415,0.812,1.01,1.415467,0.8120911,1.01,23.388,0.0,7.36,2.455,0.593,0.46,32.0
15787,15787,32_218,32_240,840.2939,33.65694,19.0415,0.0435,141.8705,19.0,27.0,2202.0,2297.0,2204.1311,2296.8623,2204.1311,2296.8623,315.9409666389738,62.440864256374105,2.419,0.829,7.25,0.11224,0.04027,6.67,2204.1311,2296.8623,315.9409666389738,62.440864256374105,2.0015749524,1.0078188914,2.0015749524,1.0078188914,1.42,0.996,7.11,1.420308,0.9960515,7.11,23.428,0.0,8.47,2.917,0.657,0.01,32.0
16089,16089,33_66,33_433,2151.634,83.52511,18.0206,0.0422,152.9596,59.0,81.0,2979.0,2443.0,2979.3224,2443.0297,2979.3224,2443.0297,315.46669570536085,62.40844403636611,4.885,1.688,-67.61,0.131,0.04498,-67.68,2979.3224,2443.0297,315.46669570536085,62.40844403636611,20.852186567,22.823104119,20.852186567,22.823104119,5.147,4.146,-51.11,5.146815,4.14555,-51.11,23.3857,3.0,17.22,2.894,0.654,0.0,33.0
16090,16090,33_67,33_433,2998.754,91.97356,17.6602,0.0333,153.7331,78.0,86.0,2989.0,2434.0,2986.585,2434.553,2986.585,2434.553,315.4624728554087,62.410900404696775,3.579,1.994,-34.96,0.06756,0.03806,-34.81,2986.585,2434.553,315.4624728554087,62.410900404696775,9.7011806178,10.032267377,9.7011806178,10.032267377,3.4,2.859,-47.81,3.39961,2.859388,-47.81,23.3094,3.0,14.99,1.795,0.443,0.0,33.0
16137,16137,33_114,33_389,6703.763,139.0875,16.7868,0.0225,149.382,127.0,149.0,3006.0,2395.0,3005.1797,2396.0542,3005.1797,2396.0542,315.4520237399414,62.421910051619136,4.692,2.86,-43.26,0.06341,0.03967,-41.51,3005.1797,2396.0542,315.4520237399414,62.421910051619136,20.865971037,26.406644129,20.865971037,26.406644129,5.267,4.419,-66.19,5.267442,4.4189,-66.19,22.8113,18.0,21.98,1.641,0.39,0.0,33.0
16138,16138,33_115,33_389,2303.184,84.73959,17.9467,0.04,149.8303,32.0,52.0,3010.0,2385.0,3009.58,2384.3016,3009.58,2384.3016,315.44960743677217,62.425257996288906,2.561,1.082,-76.37,0.06596,0.02808,-76.65,3009.58,2384.3016,315.44960743677217,62.425257996288906,6.1067181275,10.956291962,6.1067181275,10.956291962,3.319,2.459,-83.66,3.319172,2.458884,-83.66,22.7418,19.0,8.87,2.367,0.578,0.005,33.0
16234,16234,33_211,33_284,1066.924,39.3688,18.7822,0.0401,147.1881,13.0,17.0,2999.0,2307.0,2999.0966,2307.4742,2999.0966,2307.4742,315.4576533242263,62.44674794570037,1.089,0.894,17.34,0.03578,0.02823,15.85,2999.0966,2307.4742,315.4576533242263,62.44674794570037,0.49585707481,0.38818506044,0.49585707481,0.38818506044,0.706,0.621,9.35,0.7062989,0.6206319,9.35,23.0709,0.0,2.01,1.218,0.179,0.967,33.0
16565,16565,34_57,34_459,560.2997,43.63356,19.4815,0.0846,150.1661,28.0,32.0,2972.0,2469.0,2971.9104,2468.9018,2971.9104,2468.9018,315.4706266190391,62.40109652331153,2.92,0.946,36.86,0.15614,0.05085,36.64,2971.9104,2468.9018,315.4706266190391,62.40109652331153,6.0236569449,7.0060693549,6.0236569449,7.0060693549,2.74,2.35,59.86,2.739687,2.350285,59.86,23.643,0.0,9.95,3.086,0.676,0.0,34.0
16575,16575,34_67,34_451,1004.041,54.78333,18.8482,0.0593,156.0966,30.0,36.0,2994.0,2420.0,2993.6652,2419.8284,2993.6652,2419.8284,315.4584965438408,62.4151110066851,2.029,1.264,-32.73,0.06732,0.0409,-34.27,2993.6652,2419.8284,315.4584965438408,62.4151110066851,1.0265782617,0.88228337831,1.0265782617,0.88228337831,1.029,0.922,-23.08,1.028874,0.9221064,-23.08,23.7255,3.0,5.31,1.606,0.377,0.001,34.0
16619,16619,34_111,34_407,1041.675,55.8755,18.8082,0.0583,156.7608,29.0,35.0,3001.0,2402.0,3001.5089,2402.1985,3001.5089,2402.1985,315.45411887331323,62.420145881370026,2.294,1.499,2.56,0.0716,0.04651,9.96,3001.5089,2402.1985,315.45411887331323,62.420145881370026,1.9642064588,1.9147996897,1.9642064588,1.9147996897,1.414,1.371,-32.84,1.414024,1.370964,-32.84,23.6968,3.0,11.11,1.53,0.346,0.001,34.0
16631,16631,34_123,34_397,832.8107,54.18432,19.0512,0.0707,151.4559,26.0,32.0,3026.0,2395.0,3025.2883,2394.9634,3025.2883,2394.9634,315.43983597760825,62.42241912454688,3.722,0.837,-84.87,0.1559,0.03562,-84.51,3025.2883,2394.9634,315.43983597760825,62.42241912454688,7.3558538734,14.180824213,7.3558538734,14.180824213,3.777,2.696,-83.65,3.777101,2.696329,-83.65,23.2543,0.0,10.57,4.449,0.775,0.0,34.0
16828,16828,34_320,34_188,422.3324,31.42812,19.7884,0.0808,146.26,11.0,15.0,3065.0,2199.0,3064.9361,2198.8721,3064.9361,2198.8721,315.4199733165335,62.47793745406572,1.466,0.742,-37.59,0.10452,0.05043,-37.83,3064.9361,2198.8721,315.4199733165335,62.47793745406572,3.4203636427,3.8466602349,3.4203636427,3.8466602349,2.178,1.589,-50.54,2.17783,1.588735,-50.54,23.1543,16.0,5.08,1.976,0.494,0.053,34.0
17035,17035,35_25,35_398,134.6346,14.43189,21.0297,0.1164,142.9751,5.0,5.0,303.0,2998.0,302.9696,2998.0169,302.9696,2998.0169,317.06862684981513,62.21617340592447,0.614,0.599,1.62,0.0868,0.08655,-11.15,302.9696,2998.0169,317.06862684981513,62.21617340592447,0.53447583284,0.41893379559,0.53447583284,0.41893379559,0.754,0.62,25.55,0.7541226,0.6202489,25.55,23.447,0.0,1.58,1.025,0.024,0.51,35.0
17438,17438,36_12,36_4,1834.93,36.40892,18.1935,0.0215,142.1535,25.0,29.0,884.0,2510.0,884.4866,2510.7804,884.4866,2510.7804,316.7348030442836,62.36242792366846,2.136,0.784,2.76,0.0578,0.02207,1.51,884.4866,2510.7804,316.7348030442836,62.36242792366846,1.864353521,0.49516498733,1.864353521,0.49516498733,1.368,0.7,3.72,1.367536,0.6995457,3.72,23.4468,24.0,6.11,2.725,0.633,0.065,36.0
17479,17479,36_53,36_388,112451.7,142.6195,13.7252,0.0014,150.6725,47.0,56.0,567.0,2957.0,567.5644,2955.9909,567.5644,2955.9909,316.9107703338078,62.23238025118738,2.119,0.858,-79.89,0.00286,0.0012,-79.31,567.5644,2955.9909,316.9107703338078,62.23238025118738,0.24559662323,1.045378088,0.24559662323,1.045378088,1.049,0.436,-75.67,1.049383,0.4356265,-75.67,23.6888,3.0,8.06,2.47,0.595,0.999,36.0
17854,17854,37_26,37_447,251.4613,20.85532,20.3514,0.0901,141.6458,8.0,11.0,1441.0,2996.0,1442.5861,2995.7437,1442.5861,2995.7437,316.381998134529,62.234525991941496,1.615,0.582,-23.31,0.16968,0.06425,-23.95,1442.5861,2995.7437,316.381998134529,62.234525991941496,1.8655883296,0.86857581367,1.8655883296,0.86857581367,1.441,0.811,-22.7,1.441184,0.8106496,-22.7,23.4575,1.0,5.78,2.773,0.639,0.191,37.0
18222,18222,37_394,37_77,203.0099,14.67674,20.5838,0.0785,141.8735,5.0,5.0,1004.0,2593.0,1004.3756,2592.7001,1004.3756,2592.7001,316.6594995491828,62.34127597288781,0.699,0.462,-74.05,0.08339,0.04882,-72.37,1004.3756,2592.7001,316.6594995491828,62.34127597288781,0.1126405198,0.29022712004,0.1126405198,0.29022712004,0.539,0.335,-88.43,0.5388507,0.3354215,-88.43,23.4275,24.0,1.99,1.513,0.339,0.869,37.0
18223,18223,37_395,37_76,4181.617,51.84066,17.2992,0.0135,141.3856,45.0,53.0,1346.0,2590.0,1347.5829,2588.3095,1347.5829,2588.3095,316.4519556646245,62.347599280337946,2.855,1.093,-45.6,0.03766,0.01689,-46.02,1347.5829,2588.3095,316.4519556646245,62.347599280337946,2.0182888707,1.8687600694,2.0182888707,1.8687600694,1.734,0.939,-42.98,1.733591,0.9389946,-42.98,23.3908,0.0,7.71,2.611,0.617,0.063,37.0
18233,18233,37_405,37_65,1557.532,38.13634,18.3715,0.0266,142.9554,28.0,33.0,1053.0,2581.0,1051.7891,2580.039,1051.7891,2580.039,316.63123084234144,62.34555286452229,2.095,0.982,49.93,0.05534,0.02929,48.18,1051.7891,2580.039,316.63123084234144,62.34555286452229,1.2833171199,1.4997711564,1.2833171199,1.4997711564,1.431,0.857,49.74,1.4314,0.8568451,49.74,23.5341,0.0,5.66,2.134,0.531,0.039,37.0
18306,18306,38_13,38_3,524.0236,28.22876,19.5542,0.0585,143.2135,17.0,18.0,1979.0,2513.0,1979.5885,2512.5617,1979.5885,2512.5617,316.0713817203616,62.377453243308665,1.288,0.952,-86.23,0.08435,0.05966,-87.03,1979.5885,2512.5617,316.0713817203616,62.377453243308665,1.6978985438,1.7265799162,1.6978985438,1.7265799162,1.322,1.295,57.35,1.321578,1.295342,57.35,23.3853,24.0,4.38,1.354,0.261,0.082,38.0
18371,18371,38_78,38_429,931162.2,406.2136,11.43,5.0E-4,142.0459,461.0,504.0,1559.0,2939.0,1559.6378,2942.9913,1559.6378,2942.9913,316.31298191104764,62.250970382321455,3.468,1.783,79.97,0.00176,0.0012,80.72,1559.6378,2942.9913,316.31298191104764,62.250970382321455,1.8192312766,4.3783283778,1.8192312766,4.3783283778,2.1,1.337,83.6,2.100222,1.336648,83.6,23.4302,4.0,14.91,1.945,0.486,0.996,38.0
18556,18556,38_263,38_244,78082.34,114.1222,14.1212,0.0016,149.8721,19.0,19.0,1975.0,2749.0,1975.3852,2748.7582,1975.3852,2748.7582,316.0674091305808,62.3110393279415,1.46,0.76,88.83,0.00236,0.00123,-89.41,1975.3852,2748.7582,316.0674091305808,62.3110393279415,0.21562645525,0.23935539004,0.21562645525,0.23935539004,0.496,0.457,64.49,0.4963399,0.4567588,64.49,24.013,3.0,6.28,1.921,0.479,0.988,38.0
18630,18630,38_337,38_174,5492.708,76.94302,17.0031,0.0152,141.2117,112.0,128.0,1579.0,2688.0,1579.4495,2688.1477,1579.4495,2688.1477,316.30861322381264,62.32282050972487,3.25,2.074,50.79,0.05443,0.03589,52.51,1579.4495,2688.1477,316.30861322381264,62.32282050972487,3.8854746425,3.9859577908,3.8854746425,3.9859577908,2.18,1.767,46.77,2.179638,1.766525,46.77,23.4156,2.0,5.88,1.567,0.362,0.015,38.0
18638,18638,38_345,38_174,997.1754,33.25341,18.8556,0.0362,142.2544,20.0,24.0,1572.0,2688.0,1572.3069,2687.9181,1572.3069,2687.9181,316.3129403091904,62.32278661015384,1.263,1.118,37.51,0.05103,0.04177,42.3,1572.3069,2687.9181,316.3129403091904,62.32278661015384,0.6090155584,0.52026171005,0.6090155584,0.52026171005,0.782,0.719,9.61,0.7820703,0.7194743,9.61,23.4922,3.0,2.04,1.13,0.115,0.33,38.0
18650,18650,38_357,38_153,183.6228,16.14827,20.6928,0.0955,140.5512,5.0,6.0,1506.0,2671.0,1506.2914,2670.8513,1506.2914,2670.8513,316.35338500529514,62.32666465775923,0.998,0.409,77.45,0.14239,0.05459,77.11,1506.2914,2670.8513,316.35338500529514,62.32666465775923,0.10008308582,0.41070051774,0.10008308582,0.41070051774,0.643,0.311,84.26,0.6433319,0.3113,84.26,23.4005,24.0,2.62,2.44,0.59,0.563,38.0
18685,18685,38_392,38_118,907.2169,32.27975,18.9583,0.0386,140.1839,18.0,23.0,1724.0,2636.0,1722.338,2635.5187,1722.338,2635.5187,316.2237079132612,62.33954523622225,1.897,0.829,23.64,0.08052,0.03815,24.73,1722.338,2635.5187,316.2237079132612,62.33954523622225,2.0705104756,0.86685190645,2.0705104756,0.86685190645,1.541,0.75,24.17,1.540858,0.7504122,24.17,23.3278,0.0,7.49,2.288,0.563,0.02,38.0
18828,18828,39_23,39_512,769.5539,34.9724,19.137,0.0494,142.0004,25.0,28.0,2162.0,3021.0,2164.7109,3020.2346,2164.7109,3020.2346,315.9457424454683,62.23713460001982,3.069,0.759,-0.04,0.17187,0.04325,0.14,2164.7109,3020.2346,315.9457424454683,62.23713460001982,6.5401206187,2.5641351131,6.5401206187,2.5641351131,2.561,1.595,-3.97,2.56113,1.595265,-3.97,23.3901,24.0,9.14,4.041,0.753,0.0,39.0
18905,18905,39_100,39_422,355.4375,21.92153,19.9757,0.067,140.7818,11.0,11.0,2241.0,2928.0,2239.8222,2928.2759,2239.8222,2928.2759,315.90280719588884,62.26387828642549,1.768,0.6,-30.51,0.16086,0.05585,-30.41,2239.8222,2928.2759,315.90280719588884,62.26387828642549,1.4634087555,0.79555492302,1.4634087555,0.79555492302,1.353,0.654,-30.79,1.353105,0.6542704,-30.79,23.346,0.0,6.14,2.947,0.661,0.058,39.0
19397,19397,40_83,40_463,4765.825,53.88003,17.1572,0.0123,141.5291,45.0,57.0,2550.0,2952.0,2550.413,2953.5317,2550.413,2953.5317,315.71461626624387,62.26039199088365,2.173,1.182,54.35,0.02801,0.01765,52.83,2550.413,2953.5317,315.71461626624387,62.26039199088365,1.2922087485,1.8058059826,1.2922087485,1.8058059826,1.504,0.915,55.58,1.503554,0.9150624,55.58,23.4239,0.0,5.43,1.838,0.456,0.033,40.0
19478,19478,40_164,40_383,7693.092,57.60577,16.6373,0.0081,141.3674,45.0,56.0,2752.0,2874.0,2754.2671,2874.359,2754.2671,2874.359,315.59332367194224,62.28487318062833,2.342,1.114,-1.35,0.01978,0.01125,-0.18,2754.2671,2874.359,315.59332367194224,62.28487318062833,3.1286287501,0.70385415535,3.1286287501,0.70385415535,1.77,0.837,-1.96,1.769595,0.8372664,-1.96,23.3755,0.0,9.67,2.101,0.524,0.033,40.0
19694,19694,40_380,40_175,1674.848,39.10254,18.2926,0.0254,144.3688,28.0,32.0,2876.0,2680.0,2874.4144,2679.8449,2874.4144,2679.8449,315.52505090320005,62.34080485097396,2.002,0.957,-8.88,0.05147,0.02727,-8.53,2874.4144,2679.8449,315.52505090320005,62.34080485097396,1.5823969099,0.67836087548,1.5823969099,0.67836087548,1.268,0.808,-9.53,1.268321,0.8075387,-9.53,23.511,0.0,7.95,2.092,0.522,0.024,40.0
20399,20399,41_522,41_518,2189.949,42.67273,18.0015,0.0212,140.7028,33.0,39.0,3028.0,3013.0,3026.822,3013.596,3026.822,3013.596,315.42559303218684,62.24856751983255,2.126,1.088,-44.52,0.0474,0.02713,-43.62,3026.822,3013.596,315.42559303218684,62.24856751983255,1.1088626194,1.039838756,1.1088626194,1.039838756,1.175,0.877,-41.75,1.174503,0.8770652,-41.75,23.412,16.0,5.92,1.954,0.488,0.092,41.0
20435,20435,42_17,42_2,219.0426,16.73713,20.5012,0.083,142.0209,7.0,8.0,504.0,2568.0,503.8898,2568.3592,503.8898,2568.3592,316.9630676715095,62.34013666455713,1.118,0.479,0.96,0.1366,0.05414,0.14,503.8898,2568.3592,316.9630676715095,62.34013666455713,0.65972802524,0.22613416156,0.65972802524,0.22613416156,0.812,0.475,1.33,0.8123805,0.4752895,1.33,23.5255,24.0,3.91,2.331,0.571,0.181,42.0
20875,20875,43_22,43_371,4743.672,51.21202,17.1623,0.0117,143.1572,40.0,53.0,519.0,3038.0,517.4885,3036.6095,517.4885,3036.6095,316.938065474002,62.20893360560214,2.186,1.087,41.5,0.02673,0.01528,41.45,517.4885,3036.6095,316.938065474002,62.20893360560214,1.3097535166,1.1367096547,1.3097535166,1.1367096547,1.326,0.83,40.35,1.325991,0.8295842,40.35,23.4477,0.0,6.7,2.011,0.503,0.295,43.0
21264,21264,44_23,44_1,307.6585,20.46207,20.1324,0.0722,142.5908,9.0,10.0,1033.0,2568.0,1032.9641,2568.436,1032.9641,2568.436,316.6430050490991,62.34852537178654,1.359,0.496,-0.17,0.12595,0.04497,0.06,1032.9641,2568.436,316.6430050490991,62.34852537178654,1.4659745589,0.36457679756,1.4659745589,0.36457679756,1.212,0.601,-3.05,1.21207,0.6011978,-3.05,23.4231,24.0,4.83,2.74,0.635,0.022,44.0
22758,22758,47_23,47_527,169.9218,15.74342,20.7769,0.1006,141.7574,4.0,6.0,2602.0,3079.0,2601.4863,3078.7203,2601.4863,3078.7203,315.68079376612485,62.22578815858604,0.862,0.449,-0.19,0.13442,0.06681,-0.07,2601.4863,3078.7203,315.68079376612485,62.22578815858604,0.30981972143,0.031389981654,0.30981972143,0.031389981654,0.557,0.177,1.5,0.5567852,0.1766349,1.5,23.4255,24.0,2.01,1.92,0.479,0.847,47.0
